<?xml version="1.0" encoding="UTF-8"?>
<beans xmlns="http://www.springframework.org/schema/beans"
	xmlns:xsi="http://www.w3.org/2001/XMLSchema-instance" xmlns:context="http://www.springframework.org/schema/context"
	xmlns:p="http://www.springframework.org/schema/p" xmlns:tx="http://www.springframework.org/schema/tx"
	xmlns:mvc="http://www.springframework.org/schema/mvc" xmlns:cache="http://www.springframework.org/schema/cache"
	xmlns:security="http://www.springframework.org/schema/security"
	xsi:schemaLocation="http://www.springframework.org/schema/beans http://www.springframework.org/schema/beans/spring-beans-3.0.xsd
	   		http://www.springframework.org/schema/context http://www.springframework.org/schema/context/spring-context-3.0.xsd
	   		http://www.springframework.org/schema/tx http://www.springframework.org/schema/tx/spring-tx-3.0.xsd
			http://www.springframework.org/schema/mvc http://www.springframework.org/schema/mvc/spring-mvc-3.0.xsd
			">
	
	<bean id="propertyConfigurer"
		class="org.springframework.beans.factory.config.PropertyPlaceholderConfigurer">
		<property name="locations">
			<list>
				<value>WEB-INF/jdbc.properties</value>
				<!-- <value>classpath:email.properties</value> -->
			</list>
		</property>
	</bean>
	
	<!--International Data Base Configuration  -->
 
 	 <bean id="InternationalDataSource" class="org.apache.commons.dbcp.BasicDataSource" >
 		
		<property name="driverClass" value="${jdbc.mysql.driverClassName}" />
		<property name="jdbcUrl" value="${udaan.jdbc.url}" />
		<property name="user" value="${jdbc.retail.user}" />
		<property name="password" value="${jdbc.retail.password}" />
		<property name="initialSize"><value>25</value></property>
		<property name="maxIdle"><value>10</value></property>
		<property name="minIdle"><value>5</value></property>
		<property name="testOnBorrow"><value>true</value></property>
		<property name="validationQuery"><value>select 1</value></property>
	</bean>
	
	<bean id="InternationalSessionFactory" class="org.springframework.orm.hibernate3.annotation.AnnotationSessionFactoryBean">
		<qualifier value="International"/>				
		<property name="dataSource" ref="InternationalDataSource" />		
		<property name="packagesToScan" value="com.psl.emp" />
		<property name="hibernateProperties">
			<props>
				<prop key="hibernate.dialect">org.hibernate.dialect.SQLServerDialect</prop>
				<prop key="hibernate.show_sql">true</prop>	
				<prop key="hibernate.cache.use_second_level_cache">true</prop>	
				
				<prop key="hibernate.cache.use_second_level_cache">false</prop>
				<prop key="hibernate.cache.region.provider_class">net.sf.ehcache.hibernate.EhCacheProvider</prop>		
			</props>
		</property>
	</bean>
	
		<bean id="InternationalTransactionManager" 
		class="org.springframework.orm.hibernate3.HibernateTransactionManager" 
		p:sessionFactory-ref="InternationalSessionFactory" />
	
	
 	
 	<!-- International Data Base Configuration  End -->
	
</beans>

