<?xml version="1.0" encoding="UTF-8"?>
<beans xmlns="http://www.springframework.org/schema/beans"
	xmlns:xsi="http://www.w3.org/2001/XMLSchema-instance" xmlns:jaxws="http://cxf.apache.org/jaxws"
	xmlns:jaxrs="http://cxf.apache.org/jaxrs" xmlns:cxf="http://cxf.apache.org/core"
	xmlns:context="http://www.springframework.org/schema/context"

	xsi:schemaLocation="
		http://www.springframework.org/schema/beans http://www.springframework.org/schema/beans/spring-beans.xsd
		http://www.springframework.org/schema/context http://www.springframework.org/schema/context/spring-context-3.0.xsd
		http://cxf.apache.org/core http://cxf.apache.org/schemas/core.xsd
		http://cxf.apache.org/jaxrs http://cxf.apache.org/schemas/jaxrs.xsd
		http://cxf.apache.org/jaxws http://cxf.apache.org/schemas/jaxws.xsd">

	<import resource="classpath:META-INF/cxf/cxf.xml" />
	<import resource="classpath:META-INF/cxf/cxf-extension-soap.xml" />
	<import resource="classpath:META-INF/cxf/cxf-servlet.xml" />
	
	
	
	<context:component-scan base-package="com.psl.emp" />


	<cxf:bus>
		<cxf:features>
			<cxf:logging />
		</cxf:features>
	</cxf:bus>
	<!-- COnfiguredd JSON Provider used for RESTFULL services -->
	<bean id="jsonProvider" class="org.codehaus.jackson.jaxrs.JacksonJsonProvider" />

	<!-- Security interceptor used for basic authentication -->
	<bean id="securityInterceptor"
		class="com.psl.emp.security.BasicAuthAuthorizationInterceptor">
		<!-- <property name="users">
			<map>
				<entry key="persistent" value="password1234" />
			</map>
		</property> -->
	</bean>
	
	

<!-- REST For Process and product base for customer-->
	<jaxrs:server id="employeeManagemetProcess" address="/OnProcess">
		<jaxrs:serviceBeans>
			<ref bean="RESTEmployeeService" />
		</jaxrs:serviceBeans>
		<jaxrs:providers>
			<ref bean="jsonProvider" />
		</jaxrs:providers>
		<jaxrs:inInterceptors>
			<ref bean="securityInterceptor" />
		</jaxrs:inInterceptors>
	</jaxrs:server>

	
</beans>
