<?xml version="1.0" encoding="UTF-8"?>
<beans xmlns="http://www.springframework.org/schema/beans"
	xmlns:xsi="http://www.w3.org/2001/XMLSchema-instance" xmlns:jaxws="http://cxf.apache.org/jaxws"
	xmlns:jaxrs="http://cxf.apache.org/jaxrs" xmlns:cxf="http://cxf.apache.org/core"
	xmlns:context="http://www.springframework.org/schema/context"

	xsi:schemaLocation="
		http://www.springframework.org/schema/beans http://www.springframework.org/schema/beans/spring-beans.xsd
		http://www.springframework.org/schema/context http://www.springframework.org/schema/context/spring-context-3.0.xsd
		http://cxf.apache.org/core http://cxf.apache.org/schemas/core.xsd
		http://cxf.apache.org/jaxrs http://cxf.apache.org/schemas/jaxrs.xsd
		http://cxf.apache.org/jaxws http://cxf.apache.org/schemas/jaxws.xsd">

	<import resource="classpath:META-INF/cxf/cxf.xml" />
	<import resource="classpath:META-INF/cxf/cxf-extension-soap.xml" />
	<import resource="classpath:META-INF/cxf/cxf-servlet.xml" />
	<import resource="../springCtx/integration-hibernate-config.xml" />
	
	<import resource="classpath:bajaj-service-consumer-scheduler.xml" />
    <import resource="../springCtx/customer-email-service-scheduler.xml" /> 

	<context:component-scan base-package="com.ff.integration" />


	<cxf:bus>
		<cxf:features>
			<cxf:logging />
		</cxf:features>
	</cxf:bus>
	<!-- COnfiguredd JSON Provider used for RESTFULL services -->
	<bean id="jsonProvider" class="org.codehaus.jackson.jaxrs.JacksonJsonProvider" />

	<!-- Security interceptor used for basic authentication -->
	<bean id="securityInterceptor"
		class="com.ff.integration.security.BasicAuthAuthorizationInterceptor">
		<property name="users">
			<map>
				<entry key="ffcl" value="password1234" />
			</map>
		</property>
	</bean>
	
	 <!-- REST FULL Service -->
	<!-- <jaxrs:server id="bookingREST" address="/bookingByRs">
		<jaxrs:serviceBeans>
			<ref bean="rsBookingWebservice" />
		</jaxrs:serviceBeans>
		<jaxrs:providers>
			<ref bean="jsonProvider" />
		</jaxrs:providers>
		<jaxrs:inInterceptors>
			<ref bean="securityInterceptor" />
		</jaxrs:inInterceptors>
	</jaxrs:server>
	 -->

<!-- REST For Check Pincode Serviceability For Customer Product-->
<!-- 	<jaxrs:server id="pincodeServiceabilityt" address="/CheckPincodeServiceabilityForCustomerProduct">
		<jaxrs:serviceBeans>
			<ref bean="RESTCheckPincodeServiceabilityForCustomerProduct" />
		</jaxrs:serviceBeans>
		<jaxrs:providers>
			<ref bean="jsonProvider" />
		</jaxrs:providers>
		<jaxrs:inInterceptors>
			<ref bean="securityInterceptor" />
		</jaxrs:inInterceptors>
	</jaxrs:server> -->

<!-- REST For Process and product base for customer-->
	<jaxrs:server id="bookingsProcess" address="/ConsgCustDetailsOnProcess">
		<jaxrs:serviceBeans>
			<ref bean="RESTConsignmentStatusServiceOnProcess" />
		</jaxrs:serviceBeans>
		<jaxrs:providers>
			<ref bean="jsonProvider" />
		</jaxrs:providers>
		<jaxrs:inInterceptors>
			<ref bean="securityInterceptor" />
		</jaxrs:inInterceptors>
	</jaxrs:server>

<!-- REST Booking Service -->
	<jaxrs:server id="booking" address="/BookingDetails">
		<jaxrs:serviceBeans>
			<ref bean="RESTBookingService" />
		</jaxrs:serviceBeans>
		<jaxrs:providers>
			<ref bean="jsonProvider" />
		</jaxrs:providers>
		<jaxrs:inInterceptors>
			<ref bean="securityInterceptor" />
		</jaxrs:inInterceptors>
	</jaxrs:server>


<!-- REST Customer Wise Service -->
	<jaxrs:server id="bookings" address="/ConsgCustDetails">
		<jaxrs:serviceBeans>
			<ref bean="RESTConsignmentStatusService" />
		</jaxrs:serviceBeans>
		<jaxrs:providers>
			<ref bean="jsonProvider" />
		</jaxrs:providers>
		<jaxrs:inInterceptors>
			<ref bean="securityInterceptor" />
		</jaxrs:inInterceptors>
	</jaxrs:server>



<!-- REST Sms Feaching Consignment  -->
	<jaxrs:server id="smsService" address="/SmsConsgNO">
		<jaxrs:serviceBeans>
			<ref bean="RESTSMSService" />
		</jaxrs:serviceBeans>
		<jaxrs:providers>
			<ref bean="jsonProvider" />
		</jaxrs:providers>
		<jaxrs:inInterceptors>
			<ref bean="securityInterceptor" />
		</jaxrs:inInterceptors>
	</jaxrs:server>
	
	
<!-- REST Shot Sms Details  -->
	<jaxrs:server id="shortSmsService" address="/shortSmsConsgNO">
		<jaxrs:serviceBeans>
			<ref bean="RESTShortDigitsService" />
		</jaxrs:serviceBeans>
		<jaxrs:providers>
			<ref bean="jsonProvider" />
		</jaxrs:providers>
		<jaxrs:inInterceptors>
			<ref bean="securityInterceptor" />
		</jaxrs:inInterceptors>
	</jaxrs:server>	
	

<!-- REST Service for Tracking XML based -->
	<jaxrs:server id="xmlBased" address="/tracking">
		<jaxrs:serviceBeans>
			<ref bean="XmlTrackingWebService" />
  		</jaxrs:serviceBeans>
		<jaxrs:inInterceptors>
			<ref bean="securityInterceptor" />
		</jaxrs:inInterceptors>
	</jaxrs:server>

<!-- REST Service for Single Tracking XML based -->
	<jaxrs:server id="singleBased" address="/singleTracking">
		<jaxrs:serviceBeans>
			<ref bean="SingleTrackingWebService" />
  		</jaxrs:serviceBeans>
	</jaxrs:server>

	<!-- REST Service for Multiple Tracking XML based -->
	<jaxrs:server id="multipleBased" address="/multipleTracking">
		<jaxrs:serviceBeans>
			<ref bean="MultipleTrackingWebService" />
  		</jaxrs:serviceBeans>
	</jaxrs:server>
	
	<!-- REST Service for CRM XML based -->
	<jaxrs:server id="crmBased" address="/crmTracking">
		<jaxrs:serviceBeans>
			<ref bean="CrmTrackingWebService" />
  		</jaxrs:serviceBeans>
	</jaxrs:server>
	
	<!-- JAXWS Service -->
	
	<jaxws:endpoint id="bookingWS" implementor="#SoapBookingWebservice" address="/bookingBySoap">
		<jaxws:inInterceptors>
			<ref bean="securityInterceptor" />
		</jaxws:inInterceptors>
	</jaxws:endpoint>
	<jaxws:endpoint id="trackingIntegrationEndpoint"
		implementor="#trackingIntegrationWebservice" address="/trackingIntegrationRequest" />
	
	
	<jaxws:client id="bajajTrackingService" serviceClass="com.ff.service.consumer.bajaj.GetConnection"
		address="http://webservices.bajajallianz.com/bjazcourierwebservice/services/GetConnection">
	</jaxws:client>
	
	<!-- <jaxws:endpoint id="xmlTrackingIntegrationEndpoint"
		implementor="#xmlTrackingIntegrationWebservice" address="/tracking" /> -->
	
	
	<!-- <jaxrs:server address="/" id="connectionService">
     <jaxrs:servicebeans> 
             <ref bean="tracking">      
           </ref></jaxrs:servicebeans>

             <jaxrs:extensionmappings>

                 <entry key="xml" value="application/xml">

           </entry></jaxrs:extensionmappings>

    </jaxrs:server> -->
	
</beans>
