<?xml version="1.0" encoding="UTF-8"?>
<beans xmlns="http://www.springframework.org/schema/beans"
	xmlns:xsi="http://www.w3.org/2001/XMLSchema-instance" xmlns:aop="http://www.springframework.org/schema/aop"
	xmlns:tx="http://www.springframework.org/schema/tx"

	xsi:schemaLocation="http://www.springframework.org/schema/beans	http://www.springframework.org/schema/beans/spring-beans-3.0.xsd
	    http://www.springframework.org/schema/aop http://www.springframework.org/schema/aop/spring-aop-3.0.xsd
		http://www.springframework.org/schema/tx http://www.springframework.org/schema/tx/spring-tx-3.0.xsd">

	<!-- For Annotation based tx START -->
	<!-- Add this tag to enable annotations transactions -->
	<tx:annotation-driven transaction-manager="transactionManager" />
	<bean id="transactionManager" class="org.springframework.orm.hibernate4.HibernateTransactionManager">
    <property name="sessionFactory" ref="hibernateSessionFactory" />
</bean>
	<!-- For Annotation based tx END -->
	<tx:advice id="txAdvice" transaction-manager="transactionManager">
		
		
		
	</tx:advice>
	<aop:config>
		<!-- AOP point cuts and advisors for Udaan Web ======START -->
		
		<!-- AOP point cuts and advisors for central server ======END -->

		<!-- ================================AOP Advisors STARTS================================================================== -->
		
		<!-- ================================AOP Advisors ENDS================================================================== -->

	</aop:config>



</beans>