<?xml version="1.0" encoding="UTF-8"?>
<beans xmlns="http://www.springframework.org/schema/beans"
	xmlns:xsi="http://www.w3.org/2001/XMLSchema-instance" xmlns:aop="http://www.springframework.org/schema/aop"
	xmlns:tx="http://www.springframework.org/schema/tx"  xmlns:context="http://www.springframework.org/schema/context"

	xsi:schemaLocation="http://www.springframework.org/schema/beans http://www.springframework.org/schema/beans/spring-beans-3.0.xsd
	    http://www.springframework.org/schema/aop http://www.springframework.org/schema/aop/spring-aop-3.0.xsd
	    http://www.springframework.org/schema/context http://www.springframework.org/schema/context/spring-context-3.0.xsd
	http://www.springframework.org/schema/tx http://www.springframework.org/schema/tx/spring-tx-3.0.xsd">


	<!-- This will be the encryptor used for decrypting configuration values.  START -->
 <context:property-placeholder location="jdbc.properties"  ignore-unresolvable="true" />


	<!--   <bean id="dataSource" class="org.springframework.jdbc.datasource.DriverManagerDataSource">
        <property name="driverClassName" value="${jdbc.mysql.driverClassName}" />
        <property name="url" value="${udaan.jdbc.url}"/>
        <property name="username" value="${jdbc.retail.user}" />
        <property name="password" value="${jdbc.retail.user}"/>
         
    </bean> -->
	
	<bean id="dataSource" class="com.jolbox.bonecp.BoneCPDataSource"
		destroy-method="close">
		<property name="driverClass" value="${jdbc.mysql.driverClassName}" />
		<property name="jdbcUrl" value="${udaan.jdbc.url}" />
		<property name="user" value="${jdbc.retail.user}" />
		<property name="password" value="${jdbc.retail.password}" />
	 
		
		<property name="idleConnectionTestPeriod" value="60" />
		<property name="idleMaxAge" value="240" />
		<property name="maxConnectionsPerPartition" value="10" />
		<property name="minConnectionsPerPartition" value="5" />
		<property name="partitionCount" value="3" />
		<property name="acquireIncrement" value="5" />
		<property name="statementsCacheSize" value="100" />
		<property name="releaseHelperThreads" value="3" />
	</bean>

	<!-- Session Factory -->
	<bean id="hibernateSessionFactory" class="org.springframework.orm.hibernate4.LocalSessionFactoryBean">

		<property name="dataSource" ref="dataSource" />
		
	
	<!-- For Development START -->
 	 <property name="mappingLocations">
                  <list>
            <value> classpath*:/**/*.hbm.xml</value>  
            </list>
            </property>
		<!-- For Development END -->



		<property name="hibernateProperties">
			<props>
				<prop key="hibernate.dialect">${hibernate.mysql.dialect}</prop>
				<prop key="hibernate.show_sql">${hibernate.show_sql}</prop>
				<prop key="hibernate.format_sql">${hibernate.format_sql}</prop>
				<prop key="hibernate.connection.autocommit">${hibernate.connection.autocommit}</prop>
				<prop key="hibernate.connection.release_mode">${hibernate.connection.release_mode}</prop>
				
			</props>
		</property>

	</bean>


	<!-- Hibernate template for hibernateSessionFactory -->
	<bean id="hibernateTemplate" class="org.springframework.orm.hibernate4.HibernateTemplate">
		<property name="sessionFactory" ref="hibernateSessionFactory" />
	</bean>

	<!-- Transaction Manager for hibernateSessionFactory -->

	<bean id="transactionManager"
		class="org.springframework.orm.hibernate4.HibernateTransactionManager">
		<property name="sessionFactory" ref="hibernateSessionFactory" />
	</bean>
 

</beans>