<?xml version="1.0" encoding="utf-8"?>
<!DOCTYPE hibernate-mapping PUBLIC "-//Hibernate/Hibernate Mapping DTD 3.0//EN"
"http://hibernate.sourceforge.net/hibernate-mapping-3.0.dtd">



<hibernate-mapping>
	<class name="com.psl.emp.domain.EmployeeDO" table="employee">
		<id name="employeeId" type="java.lang.Integer">
			<column name="EMPLOYEE_ID" />
			<generator class="native" />
		</id>
		
		<property name="firstName" type="java.lang.String" column ="FIRST_NAME" />
		
		<property name="lastName" type="java.lang.String" column ="LAST_NAME" />
		<property name="employeeCode" type="java.lang.String" column ="EMP_CODE" />
		<property name="phone" type="java.lang.String" column ="PHONE" />
		<property name="designation" type="java.lang.String" column ="DESIGNATION" />
		
		<property name="department" type="java.lang.String" column ="DEPARTMENT" />
		<property name="city" type="java.lang.String" column ="CITY" />
		<property name="office" type="java.lang.String" column ="OFFICE" />
		<property name="emailId" type="java.lang.String" column ="EMAIL_ID" />
		<property name="managerEmailId" type="java.lang.String" column ="MANAGER_EMAIL_ID" />
		<property name="logoutTime" type="java.util.Date" column ="OUT_TIME" />
		<property name="createdby" type="java.lang.String" column ="CREATED_BY" />
		<property name="creationDate" type="java.util.Date" column ="CREATION_DATE" />
		<property name="empStatus" type="java.lang.String" column ="EMP_STATUS" />
		
		
		<property name="password" type="java.lang.String" column ="Password" />
		<property name="empType" type="java.lang.String" column ="EMP_TYPE" />
		<property name="address1" type="java.lang.String" column ="ADDRESS1" />
		<property name="address2" type="java.lang.String" column ="ADDRESS2" />
		<property name="state" type="java.lang.String" column ="STATE" />
		<property name="pincode" type="java.lang.String" column ="PINCODE" />
		
          <!-- <list name="detailsDO" lazy="false" fetch="join" cascade="all-delete-orphan" inverse="true">  
          <key column="DETAIL_ID"></key>  
          <index column="EMPLOYEE_ID"></index>  
          <one-to-many class="com.psl.emp.domain.EmployeeLogoutTimeDetailsDO"/>  
          </list>   -->
          
          <set  name="detailsDO" lazy="false" fetch="join" cascade="all-delete-orphan" inverse="true" >
            <key column="EMPLOYEE_ID"/>
            <one-to-many class="com.psl.emp.domain.EmployeeLogoutTimeDetailsDO"/>
        </set>
         
		</class>
		
		 <query name="getUserDetails">
		<![CDATA[
 				FROM com.psl.emp.domain.EmployeeDO header where 
				header.emailId =:emailId 
				AND   header.password =:password 
			AND	  header.empStatus = 'A'
			AND	  header.empType = :empType
				
				]]>
	</query>
              
              
              <query name="getEmpDetails">
		<![CDATA[
 				FROM com.psl.emp.domain.EmployeeDO header where 
				  header.empStatus = 'A'
				AND	  header.empType = 'Employee'
				]]>
	</query>
	
	
	 <query name="getEmployee">
		<![CDATA[
 				FROM com.psl.emp.domain.EmployeeDO header where 
				  header.empStatus = 'A'
				AND header.employeeCode = :employeeCode
				OR header.emailId = :emailId
				]]>
	</query>
	
	<query name="getEmployeeForAdmin">
		<![CDATA[
 				FROM com.psl.emp.domain.EmployeeDO header where 
				  header.empStatus = 'A'
				AND header.employeeCode = :employeeCode
				
				]]>
	</query>
	
		
 </hibernate-mapping>   