<?xml version="1.0" encoding="utf-8"?>
<!DOCTYPE hibernate-mapping PUBLIC "-//Hibernate/Hibernate Mapping DTD 3.0//EN"
"http://hibernate.sourceforge.net/hibernate-mapping-3.0.dtd">



<hibernate-mapping>
	<class name="com.psl.emp.domain.EmployeeLogoutTimeDetailsDO" table="employee_logout_time_detail">
		<id name="detailId" type="java.lang.Integer">
			<column name="DETAIL_ID" />
			<generator class="native" />
		</id>
		
			<property name="outDate" type="java.lang.String" column ="OUT_DATE" />
		<property name="outTime" type="java.lang.String" column ="OUT_TIME" />
		
		<property name="dayName" type="java.lang.String" column ="DAY_NAME" />
		
		
		
		
		 <many-to-one name="header" class="com.psl.emp.domain.EmployeeDO" fetch="select" lazy="false">
            <column name="EMPLOYEE_ID" not-null="true" />
        </many-to-one>    
		
		
		</class>
		
 </hibernate-mapping>   