<?xml version="1.0" encoding="ISO-8859-1" ?>

<!DOCTYPE struts-config PUBLIC
          "-//Apache Software Foundation//DTD Struts Configuration 1.3//EN"
          "http://struts.apache.org/dtds/struts-config_1_3.dtd">


<struts-config>

<!-- ================================================ Form Bean Definitions -->

   <form-beans>
     <form-bean  name="employeeForm" type="com.psl.emp.form.EmployeeForm" />
  </form-beans>
	
	<!-- =========================================== Action Mapping Definitions -->


	<action-mappings>
	
		
		<action path="/LoginPage" parameter="parameter"
			type="com.psl.emp.action.LoginAction" scope="request"
			input="/views/Login.jsp">
			<forward name="success" path="/views/Login.jsp"></forward>
			<forward name="failure" path="/views/Login.jsp"></forward>
		</action>

		<action path="/logOut" parameter="parameter"
			type="com.psl.emp.action.LoginAction">  <!-- method name logout -->
			<forward name="success" path="/views/Login.jsp"></forward>
			<forward name="failure" path="/views/Login.jsp"></forward>

		</action>
		<action path="/ValidateLoginUser" parameter="parameter" name="employeeForm" scope="request"
		input="/views/Home.jsp"	type="com.psl.emp.action.ValidateLoginUserAction">  <!-- execute -->
			<forward name="success" path="/views/Home.jsp"></forward>
			<forward name="empLogin" path="/views/EmployeeDetails.jsp"></forward>
			<forward name="employeeList" path="/views/EmployeeList.jsp"></forward>
			<forward name="failure" path="/views/Login.jsp"></forward>
		</action>
<!-- ====================== WebServie Mappings Start ===========-->

        <action path="/LoginWSPage" parameter="parameter"
			type="com.psl.emp.action.LoginWSAction" scope="request"
			input="/views/LoginWS.jsp">
			<forward name="success" path="/views/LoginWS.jsp"></forward>
			<forward name="failure" path="/views/LoginWS.jsp"></forward>
		</action>
         
         <action path="/logOutWS" parameter="parameter"
			type="com.psl.emp.action.LoginWSAction">  <!-- method name logout -->
			<forward name="success" path="/views/LoginWS.jsp"></forward>
			<forward name="failure" path="/views/LoginWS.jsp"></forward>

		</action>
		
		<action path="/ValidateWSLoginUser" parameter="parameter" name="employeeForm" scope="request"
		input="/views/HomeWS.jsp"	type="com.psl.emp.action.ValidateWSLoginUserAction">  <!-- execute -->
			<forward name="success" path="/views/HomeWS.jsp"></forward>
			<forward name="empLogin" path="/views/EmployeeLoginWS.jsp"></forward>
			<forward name="empDetailsForAdmin" path="/views/EmployeeWSDetails.jsp"></forward>
			<forward name="employeeList" path="/views/EmployeeWSList.jsp"></forward>
			<forward name="failure" path="/views/LoginWS.jsp"></forward>
		</action>





<!-- ====================== WebServie Mappings End ===========-->
		<action path="/nfc" parameter="parameter" name="employeeForm" scope="request"
		input="/views/HomeNFC.jsp"	type="com.psl.emp.action.NFCUserAction">  <!-- execute -->
			<forward name="success" path="/views/HomeNFC.jsp"></forward>
			<forward name="failure" path="/views/HomeNFC.jsp"></forward>
		</action>

	</action-mappings>
	
		<!-- ====================== Action Mapping Definitions End ===========-->
	
	<message-resources parameter="MessageResources_en_US" />



<plug-in className="org.apache.struts.tiles.TilesPlugin">
		<set-property property="definitions-config" value="/WEB-INF/login-tiles-defs.xml"/>
      	<set-property property="moduleAware" value="true"/>
      	<set-property property="definitions-parser-validate" value="true"/>
	</plug-in>

</struts-config>

