<?xml version="1.0" encoding="UTF-8" ?>
<!DOCTYPE tiles-definitions PUBLIC "-//Apache Software Foundation//DTD Tiles Configuration 2.0//EN" "http://tiles.apache.org/dtds/tiles-config_2_0.dtd">

<tiles-definitions>
	<definition name="loginBaseLayout"
		template="/views/tiles_tmpl/adminLoginBaseLayout.jsp">
		<put-attribute name="title" value=" PSL - EMPLOYEE MANAGEMENT" />
		<put-attribute name="header"
			value="/views/tiles_tmpl/pSLHeader.jsp" />
		<put-attribute name="body"
			value="/views/tiles_tmpl/tmpl/pSLBody.jsp" />
		<put-attribute name="footer"
			value="/views/tiles_tmpl/pSLFooter.jsp" />
	</definition>
	<definition name="pSLBaseLayout"
		template="/views/tiles_tmpl/adminBaseLayout.jsp">
		<put-attribute name="title" value="PSL - EMPLOYEE MANAGEMENT" />
		<put-attribute name="header"
			value="/views/tiles_tmpl/pSLHeader.jsp" />
		<put-attribute name="mainInfo" value="/views/tiles_tmpl/MainInfo.jsp" />
		<put-attribute name="mainmenu"
			value="/views/tiles_tmpl/pSLMenu.jsp" />
		<put-attribute name="body"
			value="/views/tiles_tmpl/tmpl/pSLBody.jsp" />
		<put-attribute name="footer"
			value="/views/tiles_tmpl/pSLFooter.jsp" />

	</definition>
	<definition name="errPage.tiles" extends="loginBaseLayout">
		<put-attribute name="body" value="/views/ErrorPage.jsp" />
	</definition>
	<definition name="loginPage.tiles" extends="loginBaseLayout">
		<put-attribute name="body" value="/views/pSLLogin.jsp" />
	</definition>
	<definition name="homePage.tiles" extends="pSLBaseLayout">
		<put-attribute name="body" value="/views/pSLHome.jsp" />
	</definition>
	<definition name="forgetPassword.tiles" extends="loginBaseLayout">
		<put-attribute name="body" value="/views/ForgetPassword.jsp" />
	</definition>
	
</tiles-definitions>
