<?xml version="1.0" encoding="UTF-8"?>
<beans xmlns="http://www.springframework.org/schema/beans"
	xmlns:tx="http://www.springframework.org/schema/tx" xmlns:xsi="http://www.w3.org/2001/XMLSchema-instance"
	xmlns:aop="http://www.springframework.org/schema/aop"
	xsi:schemaLocation="http://www.springframework.org/schema/beans http://www.springframework.org/schema/beans/spring-beans-3.0.xsd 
	http://www.springframework.org/schema/aop http://www.springframework.org/schema/aop/spring-aop-2.5.xsd 
	http://www.springframework.org/schema/tx http://www.springframework.org/schema/tx/spring-tx-3.0.xsd">
	
	
	
	<bean id="validateLogingUserService" class="com.psl.emp.service.ValidateLogingUserServiceImpl">
	     <property name="validateLogingUserDAO" ref="validateLogingUserDAO"/>
	     
	    
    </bean>
    
    <bean id="emailerService" class="com.psl.emp.service.EmailerServiceImpl">
    <property name="mailSender" ref="mailSender"/>
    </bean>
	        
      <!-- SET default mail properties -->
    <bean id="mailSender" class="org.springframework.mail.javamail.JavaMailSenderImpl">
        <property name="host" value="smtp.gmail.com"/>
        <property name="port" value="587"/>
        <property name="username" value="kakkerla.mahender@gmail.com"/>
        <property name="password" value="9010158627"/>
        <property name="javaMailProperties">
            <props>
                <prop key="mail.transport.protocol">smtp</prop>
                <prop key="mail.smtp.auth">true</prop>
                <prop key="mail.smtp.starttls.enable">true</prop>
                <prop key="mail.debug">true</prop>
            </props>
        </property>
    </bean>
     
    <!-- You can have some pre-configured messagess also which are ready to send -->
    <bean id="preConfiguredMessage" class="org.springframework.mail.SimpleMailMessage">
        <property name="to" value="mahender.kakkerla@gmail.com"></property>
        <property name="from" value="mahender4java@gmail.com"></property>
        <property name="subject" value="FATAL - Application crash. Save your job !!"/>
    </bean>
</beans>