<?xml version="1.0" encoding="UTF-8"?>
<!DOCTYPE log4j:configuration SYSTEM "http://logging.apache.org/log4j/1.2/apidocs/org/apache/log4j/xml/doc-files/log4j.dtd">

<log4j:configuration xmlns:log4j="http://jakarta.apache.org/log4j/"
	debug="false">
	
	<appender name="log4jemp" class="org.apache.log4j.RollingFileAppender">
		<param name="File" value="${catalina.home}/logs/Employee-Management.log" />
		<param name="Append" value="true" />
		<param name="ImmediateFlush" value="true" />
		<param name="MaxFileSize" value="10MB" />
		<param name="MaxBackupIndex" value="100" />
		<layout class="org.apache.log4j.PatternLayout">
			<param name="ConversionPattern"
				value="%d{dd MMM yyyy HH:mm:ss,SSS} %C{3} %F %-4r [%t] %-5p %c %x - %m%n" />
		</layout>
	</appender>
	
	
	<appender name="console" class="org.apache.log4j.ConsoleAppender">
		<param name="Target" value="System.out" />
		<layout class="org.apache.log4j.PatternLayout">
			<param name="ConversionPattern" value="%d [%t] %p - %m%n" />
		</layout>
	</appender>
	
	
	<root>
		<priority value="debug" />
		<appender-ref ref="log4jemp" />
		<appender-ref ref="console"/>
		
	</root>
</log4j:configuration>
